State,Year,Quarter,total_transaction_count,prev_transaction_count,percentage_growth,Quarter_Label
andaman-&-nicobar-islands,2018,1,6658,,,2018-Q1
andaman-&-nicobar-islands,2018,2,11340,6658,70.32,2018-Q2
andaman-&-nicobar-islands,2018,3,16265,11340,43.43,2018-Q3
andaman-&-nicobar-islands,2018,4,23758,16265,46.07,2018-Q4
andaman-&-nicobar-islands,2019,1,30486,23758,28.32,2019-Q1
andaman-&-nicobar-islands,2019,2,33689,30486,10.51,2019-Q2
andaman-&-nicobar-islands,2019,3,33770,33689,0.24,2019-Q3
andaman-&-nicobar-islands,2019,4,35159,33770,4.11,2019-Q4
andaman-&-nicobar-islands,2020,1,41298,35159,17.46,2020-Q1
andaman-&-nicobar-islands,2020,2,62962,41298,52.46,2020-Q2
andaman-&-nicobar-islands,2020,3,117483,62962,86.59,2020-Q3
andaman-&-nicobar-islands,2020,4,224531,117483,91.12,2020-Q4
andaman-&-nicobar-islands,2021,1,244752,224531,9.01,2021-Q1
andaman-&-nicobar-islands,2021,2,341414,244752,39.49,2021-Q2
andaman-&-nicobar-islands,2021,3,449764,341414,31.74,2021-Q3
andaman-&-nicobar-islands,2021,4,636123,449764,41.43,2021-Q4
andaman-&-nicobar-islands,2022,1,794748,636123,24.94,2022-Q1
andaman-&-nicobar-islands,2022,2,1071217,794748,34.79,2022-Q2
andaman-&-nicobar-islands,2022,3,1584379,1071217,47.90,2022-Q3
andaman-&-nicobar-islands,2022,4,1987535,1584379,25.45,2022-Q4
andaman-&-nicobar-islands,2023,1,2276392,1987535,14.53,2023-Q1
andaman-&-nicobar-islands,2023,2,2707775,2276392,18.95,2023-Q2
andaman-&-nicobar-islands,2023,3,3098376,2707775,14.43,2023-Q3
andaman-&-nicobar-islands,2023,4,3695783,3098376,19.28,2023-Q4
andaman-&-nicobar-islands,2024,1,4184920,3695783,13.24,2024-Q1
andaman-&-nicobar-islands,2024,2,4653224,4184920,11.19,2024-Q2
andaman-&-nicobar-islands,2024,3,5279250,4653224,13.45,2024-Q3
andaman-&-nicobar-islands,2024,4,6063900,5279250,14.86,2024-Q4
andhra-pradesh,2018,1,9039585,,,2018-Q1
andhra-pradesh,2018,2,12353918,9039585,36.66,2018-Q2
andhra-pradesh,2018,3,25626061,12353918,107.43,2018-Q3
andhra-pradesh,2018,4,30759548,25626061,20.03,2018-Q4
andhra-pradesh,2019,1,57264522,30759548,86.17,2019-Q1
andhra-pradesh,2019,2,56409015,57264522,-1.49,2019-Q2
andhra-pradesh,2019,3,76288614,56409015,35.24,2019-Q3
andhra-pradesh,2019,4,107218103,76288614,40.54,2019-Q4
andhra-pradesh,2020,1,127677357,107218103,19.08,2020-Q1
andhra-pradesh,2020,2,144917855,127677357,13.50,2020-Q2
andhra-pradesh,2020,3,204902935,144917855,41.39,2020-Q3
andhra-pradesh,2020,4,286118552,204902935,39.64,2020-Q4
andhra-pradesh,2021,1,289747970,286118552,1.27,2021-Q1
andhra-pradesh,2021,2,352767134,289747970,21.75,2021-Q2
andhra-pradesh,2021,3,432032550,352767134,22.47,2021-Q3
andhra-pradesh,2021,4,522254003,432032550,20.88,2021-Q4
andhra-pradesh,2022,1,582603911,522254003,11.56,2022-Q1
andhra-pradesh,2022,2,671134030,582603911,15.20,2022-Q2
andhra-pradesh,2022,3,642855035,671134030,-4.21,2022-Q3
andhra-pradesh,2022,4,690017077,642855035,7.34,2022-Q4
andhra-pradesh,2023,1,1145532464,690017077,66.02,2023-Q1
andhra-pradesh,2023,2,1305656964,1145532464,13.98,2023-Q2
andhra-pradesh,2023,3,1475164403,1305656964,12.98,2023-Q3
andhra-pradesh,2023,4,1596987426,1475164403,8.26,2023-Q4
andhra-pradesh,2024,1,1755428485,1596987426,9.92,2024-Q1
andhra-pradesh,2024,2,1930122300,1755428485,9.95,2024-Q2
andhra-pradesh,2024,3,2091371362,1930122300,8.35,2024-Q3
andhra-pradesh,2024,4,2296445544,2091371362,9.81,2024-Q4
arunachal-pradesh,2018,1,45497,,,2018-Q1
arunachal-pradesh,2018,2,82157,45497,80.58,2018-Q2
arunachal-pradesh,2018,3,131146,82157,59.63,2018-Q3
arunachal-pradesh,2018,4,176429,131146,34.53,2018-Q4
arunachal-pradesh,2019,1,226506,176429,28.38,2019-Q1
arunachal-pradesh,2019,2,258656,226506,14.19,2019-Q2
arunachal-pradesh,2019,3,370234,258656,43.14,2019-Q3
arunachal-pradesh,2019,4,459475,370234,24.10,2019-Q4
arunachal-pradesh,2020,1,567175,459475,23.44,2020-Q1
arunachal-pradesh,2020,2,808774,567175,42.60,2020-Q2
arunachal-pradesh,2020,3,962827,808774,19.05,2020-Q3
arunachal-pradesh,2020,4,1209129,962827,25.58,2020-Q4
arunachal-pradesh,2021,1,1177456,1209129,-2.62,2021-Q1
arunachal-pradesh,2021,2,1568338,1177456,33.20,2021-Q2
arunachal-pradesh,2021,3,1906967,1568338,21.59,2021-Q3
arunachal-pradesh,2021,4,2390598,1906967,25.36,2021-Q4
arunachal-pradesh,2022,1,2804068,2390598,17.30,2022-Q1
arunachal-pradesh,2022,2,3556925,2804068,26.85,2022-Q2
arunachal-pradesh,2022,3,3939418,3556925,10.75,2022-Q3
arunachal-pradesh,2022,4,4632709,3939418,17.60,2022-Q4
arunachal-pradesh,2023,1,8042825,4632709,73.61,2023-Q1
arunachal-pradesh,2023,2,10360488,8042825,28.82,2023-Q2
arunachal-pradesh,2023,3,12802433,10360488,23.57,2023-Q3
arunachal-pradesh,2023,4,14617742,12802433,14.18,2023-Q4
arunachal-pradesh,2024,1,16406414,14617742,12.24,2024-Q1
arunachal-pradesh,2024,2,19478372,16406414,18.72,2024-Q2
arunachal-pradesh,2024,3,24447142,19478372,25.51,2024-Q3
arunachal-pradesh,2024,4,26793457,24447142,9.60,2024-Q4
assam,2018,1,1056881,,,2018-Q1
assam,2018,2,1663873,1056881,57.43,2018-Q2
assam,2018,3,2351851,1663873,41.35,2018-Q3
assam,2018,4,3734172,2351851,58.78,2018-Q4
assam,2019,1,4533005,3734172,21.39,2019-Q1
assam,2019,2,5454929,4533005,20.34,2019-Q2
assam,2019,3,5942571,5454929,8.94,2019-Q3
assam,2019,4,6760510,5942571,13.76,2019-Q4
assam,2020,1,8808860,6760510,30.30,2020-Q1
assam,2020,2,10505199,8808860,19.26,2020-Q2
assam,2020,3,12397711,10505199,18.02,2020-Q3
assam,2020,4,15423454,12397711,24.41,2020-Q4
assam,2021,1,19512060,15423454,26.51,2021-Q1
assam,2021,2,25432905,19512060,30.34,2021-Q2
assam,2021,3,33504441,25432905,31.74,2021-Q3
assam,2021,4,46020361,33504441,37.36,2021-Q4
assam,2022,1,58889886,46020361,27.96,2022-Q1
assam,2022,2,76334725,58889886,29.62,2022-Q2
assam,2022,3,86113811,76334725,12.81,2022-Q3
assam,2022,4,103981267,86113811,20.75,2022-Q4
assam,2023,1,113760638,103981267,9.40,2023-Q1
assam,2023,2,138290953,113760638,21.56,2023-Q2
assam,2023,3,167575351,138290953,21.18,2023-Q3
assam,2023,4,193752157,167575351,15.62,2023-Q4
assam,2024,1,221525056,193752157,14.33,2024-Q1
assam,2024,2,271327087,221525056,22.48,2024-Q2
assam,2024,3,295345591,271327087,8.85,2024-Q3
assam,2024,4,332441531,295345591,12.56,2024-Q4
bihar,2018,1,5824302,,,2018-Q1
bihar,2018,2,8632378,5824302,48.21,2018-Q2
bihar,2018,3,14367804,8632378,66.44,2018-Q3
bihar,2018,4,15732401,14367804,9.50,2018-Q4
bihar,2019,1,26356234,15732401,67.53,2019-Q1
bihar,2019,2,29960479,26356234,13.68,2019-Q2
bihar,2019,3,32139900,29960479,7.27,2019-Q3
bihar,2019,4,43530314,32139900,35.44,2019-Q4
bihar,2020,1,45081815,43530314,3.56,2020-Q1
bihar,2020,2,53386742,45081815,18.42,2020-Q2
bihar,2020,3,71503748,53386742,33.94,2020-Q3
bihar,2020,4,96591673,71503748,35.09,2020-Q4
bihar,2021,1,114932477,96591673,18.99,2021-Q1
bihar,2021,2,155603622,114932477,35.39,2021-Q2
bihar,2021,3,187671113,155603622,20.61,2021-Q3
bihar,2021,4,245126945,187671113,30.62,2021-Q4
bihar,2022,1,284390434,245126945,16.02,2022-Q1
bihar,2022,2,360145029,284390434,26.64,2022-Q2
bihar,2022,3,437367385,360145029,21.44,2022-Q3
bihar,2022,4,517084649,437367385,18.23,2022-Q4
bihar,2023,1,547831195,517084649,5.95,2023-Q1
bihar,2023,2,683933094,547831195,24.84,2023-Q2
bihar,2023,3,734238751,683933094,7.36,2023-Q3
bihar,2023,4,924427274,734238751,25.90,2023-Q4
bihar,2024,1,1078734783,924427274,16.69,2024-Q1
bihar,2024,2,1313888385,1078734783,21.80,2024-Q2
bihar,2024,3,1352876223,1313888385,2.97,2024-Q3
bihar,2024,4,1559667675,1352876223,15.29,2024-Q4
chandigarh,2018,1,381895,,,2018-Q1
chandigarh,2018,2,479084,381895,25.45,2018-Q2
chandigarh,2018,3,616936,479084,28.77,2018-Q3
chandigarh,2018,4,905116,616936,46.71,2018-Q4
chandigarh,2019,1,1274476,905116,40.81,2019-Q1
chandigarh,2019,2,1252470,1274476,-1.73,2019-Q2
chandigarh,2019,3,1506543,1252470,20.29,2019-Q3
chandigarh,2019,4,1850915,1506543,22.86,2019-Q4
chandigarh,2020,1,2262511,1850915,22.24,2020-Q1
chandigarh,2020,2,1528010,2262511,-32.46,2020-Q2
chandigarh,2020,3,2158086,1528010,41.24,2020-Q3
chandigarh,2020,4,2912716,2158086,34.97,2020-Q4
chandigarh,2021,1,3970237,2912716,36.31,2021-Q1
chandigarh,2021,2,4417547,3970237,11.27,2021-Q2
chandigarh,2021,3,6649378,4417547,50.52,2021-Q3
chandigarh,2021,4,7898903,6649378,18.79,2021-Q4
chandigarh,2022,1,8600491,7898903,8.88,2022-Q1
chandigarh,2022,2,10772489,8600491,25.25,2022-Q2
chandigarh,2022,3,13478173,10772489,25.12,2022-Q3
chandigarh,2022,4,17904840,13478173,32.84,2022-Q4
chandigarh,2023,1,9815605,17904840,-45.18,2023-Q1
chandigarh,2023,2,11553687,9815605,17.71,2023-Q2
chandigarh,2023,3,13052165,11553687,12.97,2023-Q3
chandigarh,2023,4,13280078,13052165,1.75,2023-Q4
chandigarh,2024,1,13155173,13280078,-0.94,2024-Q1
chandigarh,2024,2,15940973,13155173,21.18,2024-Q2
chandigarh,2024,3,17708385,15940973,11.09,2024-Q3
chandigarh,2024,4,18528444,17708385,4.63,2024-Q4
chhattisgarh,2018,1,1891514,,,2018-Q1
chhattisgarh,2018,2,2816156,1891514,48.88,2018-Q2
chhattisgarh,2018,3,3859604,2816156,37.05,2018-Q3
chhattisgarh,2018,4,5365844,3859604,39.03,2018-Q4
chhattisgarh,2019,1,7887669,5365844,47.00,2019-Q1
chhattisgarh,2019,2,9389945,7887669,19.05,2019-Q2
chhattisgarh,2019,3,12243111,9389945,30.39,2019-Q3
chhattisgarh,2019,4,16305758,12243111,33.18,2019-Q4
chhattisgarh,2020,1,19523991,16305758,19.74,2020-Q1
chhattisgarh,2020,2,18820925,19523991,-3.60,2020-Q2
chhattisgarh,2020,3,24148539,18820925,28.31,2020-Q3
chhattisgarh,2020,4,35529636,24148539,47.13,2020-Q4
chhattisgarh,2021,1,39436437,35529636,11.00,2021-Q1
chhattisgarh,2021,2,44689420,39436437,13.32,2021-Q2
chhattisgarh,2021,3,64237938,44689420,43.74,2021-Q3
chhattisgarh,2021,4,84717494,64237938,31.88,2021-Q4
chhattisgarh,2022,1,97413292,84717494,14.99,2022-Q1
chhattisgarh,2022,2,116584048,97413292,19.68,2022-Q2
chhattisgarh,2022,3,158252587,116584048,35.74,2022-Q3
chhattisgarh,2022,4,177960446,158252587,12.45,2022-Q4
chhattisgarh,2023,1,214748957,177960446,20.67,2023-Q1
chhattisgarh,2023,2,249931636,214748957,16.38,2023-Q2
chhattisgarh,2023,3,283492657,249931636,13.43,2023-Q3
chhattisgarh,2023,4,321876332,283492657,13.54,2023-Q4
chhattisgarh,2024,1,366176684,321876332,13.76,2024-Q1
chhattisgarh,2024,2,412047705,366176684,12.53,2024-Q2
chhattisgarh,2024,3,443640102,412047705,7.67,2024-Q3
chhattisgarh,2024,4,500655404,443640102,12.85,2024-Q4
dadra-&-nagar-haveli-&-daman-&-diu,2018,1,148549,,,2018-Q1
dadra-&-nagar-haveli-&-daman-&-diu,2018,2,202626,148549,36.40,2018-Q2
dadra-&-nagar-haveli-&-daman-&-diu,2018,3,289575,202626,42.91,2018-Q3
dadra-&-nagar-haveli-&-daman-&-diu,2018,4,404082,289575,39.54,2018-Q4
dadra-&-nagar-haveli-&-daman-&-diu,2019,1,661814,404082,63.78,2019-Q1
dadra-&-nagar-haveli-&-daman-&-diu,2019,2,489656,661814,-26.01,2019-Q2
dadra-&-nagar-haveli-&-daman-&-diu,2019,3,638751,489656,30.45,2019-Q3
dadra-&-nagar-haveli-&-daman-&-diu,2019,4,768971,638751,20.39,2019-Q4
dadra-&-nagar-haveli-&-daman-&-diu,2020,1,878579,768971,14.25,2020-Q1
dadra-&-nagar-haveli-&-daman-&-diu,2020,2,973152,878579,10.76,2020-Q2
dadra-&-nagar-haveli-&-daman-&-diu,2020,3,1138312,973152,16.97,2020-Q3
dadra-&-nagar-haveli-&-daman-&-diu,2020,4,1817791,1138312,59.69,2020-Q4
dadra-&-nagar-haveli-&-daman-&-diu,2021,1,1925244,1817791,5.91,2021-Q1
dadra-&-nagar-haveli-&-daman-&-diu,2021,2,2125083,1925244,10.38,2021-Q2
dadra-&-nagar-haveli-&-daman-&-diu,2021,3,3129470,2125083,47.26,2021-Q3
dadra-&-nagar-haveli-&-daman-&-diu,2021,4,4157085,3129470,32.84,2021-Q4
dadra-&-nagar-haveli-&-daman-&-diu,2022,1,4802803,4157085,15.53,2022-Q1
dadra-&-nagar-haveli-&-daman-&-diu,2022,2,5759771,4802803,19.93,2022-Q2
dadra-&-nagar-haveli-&-daman-&-diu,2022,3,6465621,5759771,12.25,2022-Q3
dadra-&-nagar-haveli-&-daman-&-diu,2022,4,7189585,6465621,11.20,2022-Q4
dadra-&-nagar-haveli-&-daman-&-diu,2023,1,11803985,7189585,64.18,2023-Q1
dadra-&-nagar-haveli-&-daman-&-diu,2023,2,13357115,11803985,13.16,2023-Q2
dadra-&-nagar-haveli-&-daman-&-diu,2023,3,15370328,13357115,15.07,2023-Q3
dadra-&-nagar-haveli-&-daman-&-diu,2023,4,18302373,15370328,19.08,2023-Q4
dadra-&-nagar-haveli-&-daman-&-diu,2024,1,21115009,18302373,15.37,2024-Q1
dadra-&-nagar-haveli-&-daman-&-diu,2024,2,23393115,21115009,10.79,2024-Q2
dadra-&-nagar-haveli-&-daman-&-diu,2024,3,25446270,23393115,8.78,2024-Q3
dadra-&-nagar-haveli-&-daman-&-diu,2024,4,28463700,25446270,11.86,2024-Q4
delhi,2018,1,7122754,,,2018-Q1
delhi,2018,2,9373723,7122754,31.60,2018-Q2
delhi,2018,3,18547048,9373723,97.86,2018-Q3
delhi,2018,4,29187719,18547048,57.37,2018-Q4
delhi,2019,1,47007327,29187719,61.05,2019-Q1
delhi,2019,2,57171512,47007327,21.62,2019-Q2
delhi,2019,3,69537876,57171512,21.63,2019-Q3
delhi,2019,4,80744997,69537876,16.12,2019-Q4
delhi,2020,1,81747604,80744997,1.24,2020-Q1
delhi,2020,2,66042018,81747604,-19.21,2020-Q2
delhi,2020,3,96491861,66042018,46.11,2020-Q3
delhi,2020,4,120540417,96491861,24.92,2020-Q4
delhi,2021,1,157359004,120540417,30.54,2021-Q1
delhi,2021,2,170157264,157359004,8.13,2021-Q2
delhi,2021,3,238760608,170157264,40.32,2021-Q3
delhi,2021,4,292683359,238760608,22.58,2021-Q4
delhi,2022,1,330999861,292683359,13.09,2022-Q1
delhi,2022,2,410634184,330999861,24.06,2022-Q2
delhi,2022,3,475592161,410634184,15.82,2022-Q3
delhi,2022,4,515203457,475592161,8.33,2022-Q4
delhi,2023,1,409753103,515203457,-20.47,2023-Q1
delhi,2023,2,482138998,409753103,17.67,2023-Q2
delhi,2023,3,546706983,482138998,13.39,2023-Q3
delhi,2023,4,598150746,546706983,9.41,2023-Q4
delhi,2024,1,650734058,598150746,8.79,2024-Q1
delhi,2024,2,777540400,650734058,19.49,2024-Q2
delhi,2024,3,844844523,777540400,8.66,2024-Q3
delhi,2024,4,910543082,844844523,7.78,2024-Q4
goa,2018,1,160897,,,2018-Q1
goa,2018,2,229575,160897,42.68,2018-Q2
goa,2018,3,339511,229575,47.89,2018-Q3
goa,2018,4,514755,339511,51.62,2018-Q4
goa,2019,1,738812,514755,43.53,2019-Q1
goa,2019,2,768441,738812,4.01,2019-Q2
goa,2019,3,1092416,768441,42.16,2019-Q3
goa,2019,4,1515272,1092416,38.71,2019-Q4
goa,2020,1,1881237,1515272,24.15,2020-Q1
goa,2020,2,1482092,1881237,-21.22,2020-Q2
goa,2020,3,1915531,1482092,29.25,2020-Q3
goa,2020,4,3801381,1915531,98.45,2020-Q4
goa,2021,1,5331549,3801381,40.25,2021-Q1
goa,2021,2,4710135,5331549,-11.66,2021-Q2
goa,2021,3,6467763,4710135,37.32,2021-Q3
goa,2021,4,11088759,6467763,71.45,2021-Q4
goa,2022,1,12214098,11088759,10.15,2022-Q1
goa,2022,2,14216054,12214098,16.39,2022-Q2
goa,2022,3,13188687,14216054,-7.23,2022-Q3
goa,2022,4,17192674,13188687,30.36,2022-Q4
goa,2023,1,24195070,17192674,40.73,2023-Q1
goa,2023,2,26530590,24195070,9.65,2023-Q2
goa,2023,3,26999728,26530590,1.77,2023-Q3
goa,2023,4,33460978,26999728,23.93,2023-Q4
goa,2024,1,35013987,33460978,4.64,2024-Q1
goa,2024,2,37000806,35013987,5.67,2024-Q2
goa,2024,3,36762111,37000806,-0.65,2024-Q3
goa,2024,4,46131536,36762111,25.49,2024-Q4
gujarat,2018,1,5948775,,,2018-Q1
gujarat,2018,2,7745733,5948775,30.21,2018-Q2
gujarat,2018,3,11334149,7745733,46.33,2018-Q3
gujarat,2018,4,14733303,11334149,29.99,2018-Q4
gujarat,2019,1,24991451,14733303,69.63,2019-Q1
gujarat,2019,2,28981842,24991451,15.97,2019-Q2
gujarat,2019,3,38228649,28981842,31.91,2019-Q3
gujarat,2019,4,42547632,38228649,11.30,2019-Q4
gujarat,2020,1,47326417,42547632,11.23,2020-Q1
gujarat,2020,2,47420185,47326417,0.20,2020-Q2
gujarat,2020,3,59290179,47420185,25.03,2020-Q3
gujarat,2020,4,77828547,59290179,31.27,2020-Q4
gujarat,2021,1,94774565,77828547,21.77,2021-Q1
gujarat,2021,2,111841396,94774565,18.01,2021-Q2
gujarat,2021,3,149248407,111841396,33.45,2021-Q3
gujarat,2021,4,182987325,149248407,22.61,2021-Q4
gujarat,2022,1,210547146,182987325,15.06,2022-Q1
gujarat,2022,2,252052796,210547146,19.71,2022-Q2
gujarat,2022,3,303239732,252052796,20.31,2022-Q3
gujarat,2022,4,341156018,303239732,12.50,2022-Q4
gujarat,2023,1,362511326,341156018,6.26,2023-Q1
gujarat,2023,2,416922553,362511326,15.01,2023-Q2
gujarat,2023,3,479303590,416922553,14.96,2023-Q3
gujarat,2023,4,534115578,479303590,11.44,2023-Q4
gujarat,2024,1,606576671,534115578,13.57,2024-Q1
gujarat,2024,2,690395153,606576671,13.82,2024-Q2
gujarat,2024,3,757441250,690395153,9.71,2024-Q3
gujarat,2024,4,827374966,757441250,9.23,2024-Q4
haryana,2018,1,4480770,,,2018-Q1
haryana,2018,2,6150931,4480770,37.27,2018-Q2
haryana,2018,3,8262024,6150931,34.32,2018-Q3
haryana,2018,4,12950183,8262024,56.74,2018-Q4
haryana,2019,1,22135775,12950183,70.93,2019-Q1
haryana,2019,2,22741816,22135775,2.74,2019-Q2
haryana,2019,3,30343531,22741816,33.43,2019-Q3
haryana,2019,4,37825985,30343531,24.66,2019-Q4
haryana,2020,1,44036087,37825985,16.42,2020-Q1
haryana,2020,2,41781050,44036087,-5.12,2020-Q2
haryana,2020,3,57938179,41781050,38.67,2020-Q3
haryana,2020,4,83171439,57938179,43.55,2020-Q4
haryana,2021,1,90252784,83171439,8.51,2021-Q1
haryana,2021,2,105680856,90252784,17.09,2021-Q2
haryana,2021,3,140459693,105680856,32.91,2021-Q3
haryana,2021,4,169686975,140459693,20.81,2021-Q4
haryana,2022,1,191988609,169686975,13.14,2022-Q1
haryana,2022,2,234699962,191988609,22.25,2022-Q2
haryana,2022,3,269361810,234699962,14.77,2022-Q3
haryana,2022,4,296648365,269361810,10.13,2022-Q4
haryana,2023,1,381318464,296648365,28.54,2023-Q1
haryana,2023,2,457536190,381318464,19.99,2023-Q2
haryana,2023,3,501519478,457536190,9.61,2023-Q3
haryana,2023,4,554748233,501519478,10.61,2023-Q4
haryana,2024,1,604293500,554748233,8.93,2024-Q1
haryana,2024,2,738553925,604293500,22.22,2024-Q2
haryana,2024,3,794940220,738553925,7.63,2024-Q3
haryana,2024,4,841394290,794940220,5.84,2024-Q4
himachal-pradesh,2018,1,481918,,,2018-Q1
himachal-pradesh,2018,2,687695,481918,42.70,2018-Q2
himachal-pradesh,2018,3,886754,687695,28.95,2018-Q3
himachal-pradesh,2018,4,1307883,886754,47.49,2018-Q4
himachal-pradesh,2019,1,2168718,1307883,65.82,2019-Q1
himachal-pradesh,2019,2,2502306,2168718,15.38,2019-Q2
himachal-pradesh,2019,3,2735180,2502306,9.31,2019-Q3
himachal-pradesh,2019,4,3516646,2735180,28.57,2019-Q4
himachal-pradesh,2020,1,4144480,3516646,17.85,2020-Q1
himachal-pradesh,2020,2,4695730,4144480,13.30,2020-Q2
himachal-pradesh,2020,3,5489876,4695730,16.91,2020-Q3
himachal-pradesh,2020,4,7272328,5489876,32.47,2020-Q4
himachal-pradesh,2021,1,7614029,7272328,4.70,2021-Q1
himachal-pradesh,2021,2,9483902,7614029,24.56,2021-Q2
himachal-pradesh,2021,3,12064167,9483902,27.21,2021-Q3
himachal-pradesh,2021,4,14666864,12064167,21.57,2021-Q4
himachal-pradesh,2022,1,16088180,14666864,9.69,2022-Q1
himachal-pradesh,2022,2,21291371,16088180,32.34,2022-Q2
himachal-pradesh,2022,3,25164868,21291371,18.19,2022-Q3
himachal-pradesh,2022,4,28555136,25164868,13.47,2022-Q4
himachal-pradesh,2023,1,27301726,28555136,-4.39,2023-Q1
himachal-pradesh,2023,2,35061595,27301726,28.42,2023-Q2
himachal-pradesh,2023,3,33337054,35061595,-4.92,2023-Q3
himachal-pradesh,2023,4,38651839,33337054,15.94,2023-Q4
himachal-pradesh,2024,1,39520561,38651839,2.25,2024-Q1
himachal-pradesh,2024,2,52583801,39520561,33.05,2024-Q2
himachal-pradesh,2024,3,49737549,52583801,-5.41,2024-Q3
himachal-pradesh,2024,4,53798398,49737549,8.16,2024-Q4
jammu-&-kashmir,2018,1,941568,,,2018-Q1
jammu-&-kashmir,2018,2,1796326,941568,90.78,2018-Q2
jammu-&-kashmir,2018,3,2303961,1796326,28.26,2018-Q3
jammu-&-kashmir,2018,4,2721310,2303961,18.11,2018-Q4
jammu-&-kashmir,2019,1,3584987,2721310,31.74,2019-Q1
jammu-&-kashmir,2019,2,2296355,3584987,-35.95,2019-Q2
jammu-&-kashmir,2019,3,1116526,2296355,-51.38,2019-Q3
jammu-&-kashmir,2019,4,489928,1116526,-56.12,2019-Q4
jammu-&-kashmir,2020,1,921630,489928,88.12,2020-Q1
jammu-&-kashmir,2020,2,2635006,921630,185.91,2020-Q2
jammu-&-kashmir,2020,3,3465898,2635006,31.53,2020-Q3
jammu-&-kashmir,2020,4,5754444,3465898,66.03,2020-Q4
jammu-&-kashmir,2021,1,6997570,5754444,21.60,2021-Q1
jammu-&-kashmir,2021,2,10027819,6997570,43.30,2021-Q2
jammu-&-kashmir,2021,3,13151041,10027819,31.15,2021-Q3
jammu-&-kashmir,2021,4,16790628,13151041,27.68,2021-Q4
jammu-&-kashmir,2022,1,16245311,16790628,-3.25,2022-Q1
jammu-&-kashmir,2022,2,23813747,16245311,46.59,2022-Q2
jammu-&-kashmir,2022,3,22534394,23813747,-5.37,2022-Q3
jammu-&-kashmir,2022,4,27316158,22534394,21.22,2022-Q4
jammu-&-kashmir,2023,1,38927244,27316158,42.51,2023-Q1
jammu-&-kashmir,2023,2,54588299,38927244,40.23,2023-Q2
jammu-&-kashmir,2023,3,63903579,54588299,17.06,2023-Q3
jammu-&-kashmir,2023,4,69167132,63903579,8.24,2023-Q4
jammu-&-kashmir,2024,1,75116355,69167132,8.60,2024-Q1
jammu-&-kashmir,2024,2,108179014,75116355,44.02,2024-Q2
jammu-&-kashmir,2024,3,119555288,108179014,10.52,2024-Q3
jammu-&-kashmir,2024,4,126261217,119555288,5.61,2024-Q4
jharkhand,2018,1,2178921,,,2018-Q1
jharkhand,2018,2,3152080,2178921,44.66,2018-Q2
jharkhand,2018,3,8122621,3152080,157.69,2018-Q3
jharkhand,2018,4,6284043,8122621,-22.64,2018-Q4
jharkhand,2019,1,9387708,6284043,49.39,2019-Q1
jharkhand,2019,2,10128211,9387708,7.89,2019-Q2
jharkhand,2019,3,14220647,10128211,40.41,2019-Q3
jharkhand,2019,4,18248618,14220647,28.32,2019-Q4
jharkhand,2020,1,18282713,18248618,0.19,2020-Q1
jharkhand,2020,2,20141511,18282713,10.17,2020-Q2
jharkhand,2020,3,27068473,20141511,34.39,2020-Q3
jharkhand,2020,4,39431633,27068473,45.67,2020-Q4
jharkhand,2021,1,44621663,39431633,13.16,2021-Q1
jharkhand,2021,2,54002145,44621663,21.02,2021-Q2
jharkhand,2021,3,70795702,54002145,31.10,2021-Q3
jharkhand,2021,4,96009042,70795702,35.61,2021-Q4
jharkhand,2022,1,110911210,96009042,15.52,2022-Q1
jharkhand,2022,2,132925275,110911210,19.85,2022-Q2
jharkhand,2022,3,146815332,132925275,10.45,2022-Q3
jharkhand,2022,4,175300092,146815332,19.40,2022-Q4
jharkhand,2023,1,240458103,175300092,37.17,2023-Q1
jharkhand,2023,2,289233893,240458103,20.28,2023-Q2
jharkhand,2023,3,318237426,289233893,10.03,2023-Q3
jharkhand,2023,4,374538362,318237426,17.69,2023-Q4
jharkhand,2024,1,426759095,374538362,13.94,2024-Q1
jharkhand,2024,2,499685871,426759095,17.09,2024-Q2
jharkhand,2024,3,522575883,499685871,4.58,2024-Q3
jharkhand,2024,4,586904686,522575883,12.31,2024-Q4
karnataka,2018,1,12016899,,,2018-Q1
karnataka,2018,2,17116447,12016899,42.44,2018-Q2
karnataka,2018,3,25980261,17116447,51.79,2018-Q3
karnataka,2018,4,44812071,25980261,72.49,2018-Q4
karnataka,2019,1,86587609,44812071,93.22,2019-Q1
karnataka,2019,2,115401604,86587609,33.28,2019-Q2
karnataka,2019,3,170733735,115401604,47.95,2019-Q3
karnataka,2019,4,237796252,170733735,39.28,2019-Q4
karnataka,2020,1,271033890,237796252,13.98,2020-Q1
karnataka,2020,2,213221712,271033890,-21.33,2020-Q2
karnataka,2020,3,300360531,213221712,40.87,2020-Q3
karnataka,2020,4,431536984,300360531,43.67,2020-Q4
karnataka,2021,1,523797492,431536984,21.38,2021-Q1
karnataka,2021,2,530649046,523797492,1.31,2021-Q2
karnataka,2021,3,753296539,530649046,41.96,2021-Q3
karnataka,2021,4,931725438,753296539,23.69,2021-Q4
karnataka,2022,1,1057855407,931725438,13.54,2022-Q1
karnataka,2022,2,1277448960,1057855407,20.76,2022-Q2
karnataka,2022,3,1189761328,1277448960,-6.86,2022-Q3
karnataka,2022,4,1378910371,1189761328,15.90,2022-Q4
karnataka,2023,1,1844697189,1378910371,33.78,2023-Q1
karnataka,2023,2,2067867526,1844697189,12.10,2023-Q2
karnataka,2023,3,2369262302,2067867526,14.58,2023-Q3
karnataka,2023,4,2564434164,2369262302,8.24,2023-Q4
karnataka,2024,1,2796439155,2564434164,9.05,2024-Q1
karnataka,2024,2,3042012848,2796439155,8.78,2024-Q2
karnataka,2024,3,3261134095,3042012848,7.20,2024-Q3
karnataka,2024,4,3455056424,3261134095,5.95,2024-Q4
kerala,2018,1,1771380,,,2018-Q1
kerala,2018,2,2308165,1771380,30.30,2018-Q2
kerala,2018,3,3134348,2308165,35.79,2018-Q3
kerala,2018,4,4310654,3134348,37.53,2018-Q4
kerala,2019,1,6469039,4310654,50.07,2019-Q1
kerala,2019,2,7283826,6469039,12.60,2019-Q2
kerala,2019,3,9286096,7283826,27.49,2019-Q3
kerala,2019,4,12498637,9286096,34.60,2019-Q4
kerala,2020,1,15733522,12498637,25.88,2020-Q1
kerala,2020,2,16287967,15733522,3.52,2020-Q2
kerala,2020,3,21758680,16287967,33.59,2020-Q3
kerala,2020,4,33288187,21758680,52.99,2020-Q4
kerala,2021,1,42316342,33288187,27.12,2021-Q1
kerala,2021,2,47191033,42316342,11.52,2021-Q2
kerala,2021,3,63028266,47191033,33.56,2021-Q3
kerala,2021,4,81823741,63028266,29.82,2021-Q4
kerala,2022,1,95280965,81823741,16.45,2022-Q1
kerala,2022,2,106365322,95280965,11.63,2022-Q2
kerala,2022,3,119362904,106365322,12.22,2022-Q3
kerala,2022,4,132960468,119362904,11.39,2022-Q4
kerala,2023,1,147621565,132960468,11.03,2023-Q1
kerala,2023,2,156170617,147621565,5.79,2023-Q2
kerala,2023,3,170658651,156170617,9.28,2023-Q3
kerala,2023,4,179843093,170658651,5.38,2023-Q4
kerala,2024,1,181463966,179843093,0.90,2024-Q1
kerala,2024,2,194872467,181463966,7.39,2024-Q2
kerala,2024,3,214695458,194872467,10.17,2024-Q3
kerala,2024,4,233112441,214695458,8.58,2024-Q4
ladakh,2018,1,6089,,,2018-Q1
ladakh,2018,2,15010,6089,146.51,2018-Q2
ladakh,2018,3,24864,15010,65.65,2018-Q3
ladakh,2018,4,35211,24864,41.61,2018-Q4
ladakh,2019,1,46145,35211,31.05,2019-Q1
ladakh,2019,2,68772,46145,49.03,2019-Q2
ladakh,2019,3,92396,68772,34.35,2019-Q3
ladakh,2019,4,84706,92396,-8.32,2019-Q4
ladakh,2020,1,116419,84706,37.44,2020-Q1
ladakh,2020,2,155010,116419,33.15,2020-Q2
ladakh,2020,3,228222,155010,47.23,2020-Q3
ladakh,2020,4,332134,228222,45.53,2020-Q4
ladakh,2021,1,275415,332134,-17.08,2021-Q1
ladakh,2021,2,399716,275415,45.13,2021-Q2
ladakh,2021,3,590987,399716,47.85,2021-Q3
ladakh,2021,4,630187,590987,6.63,2021-Q4
ladakh,2022,1,630015,630187,-0.03,2022-Q1
ladakh,2022,2,1118073,630015,77.47,2022-Q2
ladakh,2022,3,1190858,1118073,6.51,2022-Q3
ladakh,2022,4,1083372,1190858,-9.03,2022-Q4
ladakh,2023,1,1567246,1083372,44.66,2023-Q1
ladakh,2023,2,2943815,1567246,87.83,2023-Q2
ladakh,2023,3,3621366,2943815,23.02,2023-Q3
ladakh,2023,4,3150218,3621366,-13.01,2023-Q4
ladakh,2024,1,2987101,3150218,-5.18,2024-Q1
ladakh,2024,2,5327359,2987101,78.35,2024-Q2
ladakh,2024,3,6913885,5327359,29.78,2024-Q3
ladakh,2024,4,5711284,6913885,-17.39,2024-Q4
lakshadweep,2018,1,778,,,2018-Q1
lakshadweep,2018,2,2132,778,174.04,2018-Q2
lakshadweep,2018,3,1703,2132,-20.12,2018-Q3
lakshadweep,2018,4,1642,1703,-3.58,2018-Q4
lakshadweep,2019,1,2481,1642,51.10,2019-Q1
lakshadweep,2019,2,2926,2481,17.94,2019-Q2
lakshadweep,2019,3,3104,2926,6.08,2019-Q3
lakshadweep,2019,4,3765,3104,21.30,2019-Q4
lakshadweep,2020,1,5151,3765,36.81,2020-Q1
lakshadweep,2020,2,7220,5151,40.17,2020-Q2
lakshadweep,2020,3,8589,7220,18.96,2020-Q3
lakshadweep,2020,4,11650,8589,35.64,2020-Q4
lakshadweep,2021,1,9085,11650,-22.02,2021-Q1
lakshadweep,2021,2,11384,9085,25.31,2021-Q2
lakshadweep,2021,3,13370,11384,17.45,2021-Q3
lakshadweep,2021,4,15470,13370,15.71,2021-Q4
lakshadweep,2022,1,16397,15470,5.99,2022-Q1
lakshadweep,2022,2,17569,16397,7.15,2022-Q2
lakshadweep,2022,3,15241,17569,-13.25,2022-Q3
lakshadweep,2022,4,17147,15241,12.51,2022-Q4
lakshadweep,2023,1,29520,17147,72.16,2023-Q1
lakshadweep,2023,2,34918,29520,18.29,2023-Q2
lakshadweep,2023,3,43757,34918,25.31,2023-Q3
lakshadweep,2023,4,63479,43757,45.07,2023-Q4
lakshadweep,2024,1,81176,63479,27.88,2024-Q1
lakshadweep,2024,2,109085,81176,34.38,2024-Q2
lakshadweep,2024,3,157478,109085,44.36,2024-Q3
lakshadweep,2024,4,197777,157478,25.59,2024-Q4
madhya-pradesh,2018,1,8025395,,,2018-Q1
madhya-pradesh,2018,2,10561412,8025395,31.60,2018-Q2
madhya-pradesh,2018,3,17126985,10561412,62.17,2018-Q3
madhya-pradesh,2018,4,21397555,17126985,24.93,2018-Q4
madhya-pradesh,2019,1,37301049,21397555,74.32,2019-Q1
madhya-pradesh,2019,2,40846013,37301049,9.50,2019-Q2
madhya-pradesh,2019,3,53610411,40846013,31.25,2019-Q3
madhya-pradesh,2019,4,68131989,53610411,27.09,2019-Q4
madhya-pradesh,2020,1,79366746,68131989,16.49,2020-Q1
madhya-pradesh,2020,2,76340573,79366746,-3.81,2020-Q2
madhya-pradesh,2020,3,108579881,76340573,42.23,2020-Q3
madhya-pradesh,2020,4,153652541,108579881,41.51,2020-Q4
madhya-pradesh,2021,1,201998498,153652541,31.46,2021-Q1
madhya-pradesh,2021,2,223314680,201998498,10.55,2021-Q2
madhya-pradesh,2021,3,311443334,223314680,39.46,2021-Q3
madhya-pradesh,2021,4,404308084,311443334,29.82,2021-Q4
madhya-pradesh,2022,1,472703058,404308084,16.92,2022-Q1
madhya-pradesh,2022,2,544899829,472703058,15.27,2022-Q2
madhya-pradesh,2022,3,731259559,544899829,34.20,2022-Q3
madhya-pradesh,2022,4,898828268,731259559,22.92,2022-Q4
madhya-pradesh,2023,1,734566970,898828268,-18.28,2023-Q1
madhya-pradesh,2023,2,848037060,734566970,15.45,2023-Q2
madhya-pradesh,2023,3,978812593,848037060,15.42,2023-Q3
madhya-pradesh,2023,4,1102294613,978812593,12.62,2023-Q4
madhya-pradesh,2024,1,1286156614,1102294613,16.68,2024-Q1
madhya-pradesh,2024,2,1435472057,1286156614,11.61,2024-Q2
madhya-pradesh,2024,3,1537738457,1435472057,7.12,2024-Q3
madhya-pradesh,2024,4,1685401835,1537738457,9.60,2024-Q4
maharashtra,2018,1,16387034,,,2018-Q1
maharashtra,2018,2,22285740,16387034,36.00,2018-Q2
maharashtra,2018,3,31538538,22285740,41.52,2018-Q3
maharashtra,2018,4,46090223,31538538,46.14,2018-Q4
maharashtra,2019,1,75079069,46090223,62.90,2019-Q1
maharashtra,2019,2,101149853,75079069,34.72,2019-Q2
maharashtra,2019,3,148735581,101149853,47.04,2019-Q3
maharashtra,2019,4,201260620,148735581,35.31,2019-Q4
maharashtra,2020,1,238944081,201260620,18.72,2020-Q1
maharashtra,2020,2,184790761,238944081,-22.66,2020-Q2
maharashtra,2020,3,268310924,184790761,45.20,2020-Q3
maharashtra,2020,4,407621004,268310924,51.92,2020-Q4
maharashtra,2021,1,517860240,407621004,27.04,2021-Q1
maharashtra,2021,2,573616486,517860240,10.77,2021-Q2
maharashtra,2021,3,792874060,573616486,38.22,2021-Q3
maharashtra,2021,4,1010731502,792874060,27.48,2021-Q4
maharashtra,2022,1,1169506438,1010731502,15.71,2022-Q1
maharashtra,2022,2,1407533113,1169506438,20.35,2022-Q2
maharashtra,2022,3,1486389417,1407533113,5.60,2022-Q3
maharashtra,2022,4,1688775272,1486389417,13.62,2022-Q4
maharashtra,2023,1,1848268499,1688775272,9.44,2023-Q1
maharashtra,2023,2,2063717848,1848268499,11.66,2023-Q2
maharashtra,2023,3,2290678587,2063717848,11.00,2023-Q3
maharashtra,2023,4,2572162725,2290678587,12.29,2023-Q4
maharashtra,2024,1,2835770481,2572162725,10.25,2024-Q1
maharashtra,2024,2,3063494802,2835770481,8.03,2024-Q2
maharashtra,2024,3,3287403995,3063494802,7.31,2024-Q3
maharashtra,2024,4,3634231839,3287403995,10.55,2024-Q4
manipur,2018,1,84069,,,2018-Q1
manipur,2018,2,151721,84069,80.47,2018-Q2
manipur,2018,3,189258,151721,24.74,2018-Q3
manipur,2018,4,236110,189258,24.76,2018-Q4
manipur,2019,1,265409,236110,12.41,2019-Q1
manipur,2019,2,257425,265409,-3.01,2019-Q2
manipur,2019,3,345008,257425,34.02,2019-Q3
manipur,2019,4,449344,345008,30.24,2019-Q4
manipur,2020,1,818801,449344,82.22,2020-Q1
manipur,2020,2,1083068,818801,32.27,2020-Q2
manipur,2020,3,1420168,1083068,31.12,2020-Q3
manipur,2020,4,1627852,1420168,14.62,2020-Q4
manipur,2021,1,2303535,1627852,41.51,2021-Q1
manipur,2021,2,3086275,2303535,33.98,2021-Q2
manipur,2021,3,3941396,3086275,27.71,2021-Q3
manipur,2021,4,4687439,3941396,18.93,2021-Q4
manipur,2022,1,5313679,4687439,13.36,2022-Q1
manipur,2022,2,6105632,5313679,14.90,2022-Q2
manipur,2022,3,6352742,6105632,4.05,2022-Q3
manipur,2022,4,6428670,6352742,1.20,2022-Q4
manipur,2023,1,3258383,6428670,-49.31,2023-Q1
manipur,2023,2,1606271,3258383,-50.70,2023-Q2
manipur,2023,3,865478,1606271,-46.12,2023-Q3
manipur,2023,4,2113200,865478,144.17,2023-Q4
manipur,2024,1,3845564,2113200,81.98,2024-Q1
manipur,2024,2,5063324,3845564,31.67,2024-Q2
manipur,2024,3,5700096,5063324,12.58,2024-Q3
manipur,2024,4,5750423,5700096,0.88,2024-Q4
meghalaya,2018,1,49571,,,2018-Q1
meghalaya,2018,2,67857,49571,36.89,2018-Q2
meghalaya,2018,3,110290,67857,62.53,2018-Q3
meghalaya,2018,4,161132,110290,46.10,2018-Q4
meghalaya,2019,1,208741,161132,29.55,2019-Q1
meghalaya,2019,2,232286,208741,11.28,2019-Q2
meghalaya,2019,3,306550,232286,31.97,2019-Q3
meghalaya,2019,4,365981,306550,19.39,2019-Q4
meghalaya,2020,1,502283,365981,37.24,2020-Q1
meghalaya,2020,2,635395,502283,26.50,2020-Q2
meghalaya,2020,3,597579,635395,-5.95,2020-Q3
meghalaya,2020,4,754008,597579,26.18,2020-Q4
meghalaya,2021,1,747646,754008,-0.84,2021-Q1
meghalaya,2021,2,909594,747646,21.66,2021-Q2
meghalaya,2021,3,1097731,909594,20.68,2021-Q3
meghalaya,2021,4,1440193,1097731,31.20,2021-Q4
meghalaya,2022,1,1674750,1440193,16.29,2022-Q1
meghalaya,2022,2,2044649,1674750,22.09,2022-Q2
meghalaya,2022,3,4359165,2044649,113.20,2022-Q3
meghalaya,2022,4,3932448,4359165,-9.79,2022-Q4
meghalaya,2023,1,4164705,3932448,5.91,2023-Q1
meghalaya,2023,2,5077212,4164705,21.91,2023-Q2
meghalaya,2023,3,6029842,5077212,18.76,2023-Q3
meghalaya,2023,4,7268384,6029842,20.54,2023-Q4
meghalaya,2024,1,8531262,7268384,17.37,2024-Q1
meghalaya,2024,2,11089661,8531262,29.99,2024-Q2
meghalaya,2024,3,12110124,11089661,9.20,2024-Q3
meghalaya,2024,4,14166380,12110124,16.98,2024-Q4
mizoram,2018,1,18561,,,2018-Q1
mizoram,2018,2,27051,18561,45.74,2018-Q2
mizoram,2018,3,39316,27051,45.34,2018-Q3
mizoram,2018,4,55242,39316,40.51,2018-Q4
mizoram,2019,1,70306,55242,27.27,2019-Q1
mizoram,2019,2,75671,70306,7.63,2019-Q2
mizoram,2019,3,98094,75671,29.63,2019-Q3
mizoram,2019,4,125239,98094,27.67,2019-Q4
mizoram,2020,1,153609,125239,22.65,2020-Q1
mizoram,2020,2,198462,153609,29.20,2020-Q2
mizoram,2020,3,254703,198462,28.34,2020-Q3
mizoram,2020,4,322607,254703,26.66,2020-Q4
mizoram,2021,1,329575,322607,2.16,2021-Q1
mizoram,2021,2,394340,329575,19.65,2021-Q2
mizoram,2021,3,478529,394340,21.35,2021-Q3
mizoram,2021,4,553329,478529,15.63,2021-Q4
mizoram,2022,1,604917,553329,9.32,2022-Q1
mizoram,2022,2,643977,604917,6.46,2022-Q2
mizoram,2022,3,659038,643977,2.34,2022-Q3
mizoram,2022,4,693774,659038,5.27,2022-Q4
mizoram,2023,1,1052595,693774,51.72,2023-Q1
mizoram,2023,2,1208930,1052595,14.85,2023-Q2
mizoram,2023,3,1310413,1208930,8.39,2023-Q3
mizoram,2023,4,1500728,1310413,14.52,2023-Q4
mizoram,2024,1,1627016,1500728,8.42,2024-Q1
mizoram,2024,2,1977079,1627016,21.52,2024-Q2
mizoram,2024,3,2360206,1977079,19.38,2024-Q3
mizoram,2024,4,2702443,2360206,14.50,2024-Q4
nagaland,2018,1,42845,,,2018-Q1
nagaland,2018,2,65599,42845,53.11,2018-Q2
nagaland,2018,3,94371,65599,43.86,2018-Q3
nagaland,2018,4,139333,94371,47.64,2018-Q4
nagaland,2019,1,168579,139333,20.99,2019-Q1
nagaland,2019,2,188753,168579,11.97,2019-Q2
nagaland,2019,3,261878,188753,38.74,2019-Q3
nagaland,2019,4,317170,261878,21.11,2019-Q4
nagaland,2020,1,378051,317170,19.20,2020-Q1
nagaland,2020,2,517566,378051,36.90,2020-Q2
nagaland,2020,3,736319,517566,42.27,2020-Q3
nagaland,2020,4,847825,736319,15.14,2020-Q4
nagaland,2021,1,975897,847825,15.11,2021-Q1
nagaland,2021,2,1130791,975897,15.87,2021-Q2
nagaland,2021,3,1356792,1130791,19.99,2021-Q3
nagaland,2021,4,1631483,1356792,20.25,2021-Q4
nagaland,2022,1,1925952,1631483,18.05,2022-Q1
nagaland,2022,2,2031329,1925952,5.47,2022-Q2
nagaland,2022,3,1894113,2031329,-6.75,2022-Q3
nagaland,2022,4,2476205,1894113,30.73,2022-Q4
nagaland,2023,1,2685570,2476205,8.46,2023-Q1
nagaland,2023,2,2922001,2685570,8.80,2023-Q2
nagaland,2023,3,3422331,2922001,17.12,2023-Q3
nagaland,2023,4,3797179,3422331,10.95,2023-Q4
nagaland,2024,1,4258924,3797179,12.16,2024-Q1
nagaland,2024,2,5598700,4258924,31.46,2024-Q2
nagaland,2024,3,6981635,5598700,24.70,2024-Q3
nagaland,2024,4,7921552,6981635,13.46,2024-Q4
odisha,2018,1,5809821,,,2018-Q1
odisha,2018,2,8158144,5809821,40.42,2018-Q2
odisha,2018,3,30052155,8158144,268.37,2018-Q3
odisha,2018,4,21142798,30052155,-29.65,2018-Q4
odisha,2019,1,34031942,21142798,60.96,2019-Q1
odisha,2019,2,29512024,34031942,-13.28,2019-Q2
odisha,2019,3,41422272,29512024,40.36,2019-Q3
odisha,2019,4,64995633,41422272,56.91,2019-Q4
odisha,2020,1,53682307,64995633,-17.41,2020-Q1
odisha,2020,2,50028576,53682307,-6.81,2020-Q2
odisha,2020,3,66033829,50028576,31.99,2020-Q3
odisha,2020,4,92324950,66033829,39.81,2020-Q4
odisha,2021,1,111460358,92324950,20.73,2021-Q1
odisha,2021,2,131824337,111460358,18.27,2021-Q2
odisha,2021,3,177362674,131824337,34.54,2021-Q3
odisha,2021,4,233925366,177362674,31.89,2021-Q4
odisha,2022,1,263633499,233925366,12.70,2022-Q1
odisha,2022,2,313451598,263633499,18.90,2022-Q2
odisha,2022,3,386687326,313451598,23.36,2022-Q3
odisha,2022,4,445714743,386687326,15.26,2022-Q4
odisha,2023,1,482896088,445714743,8.34,2023-Q1
odisha,2023,2,544597829,482896088,12.78,2023-Q2
odisha,2023,3,622397603,544597829,14.29,2023-Q3
odisha,2023,4,732137476,622397603,17.63,2023-Q4
odisha,2024,1,864178452,732137476,18.03,2024-Q1
odisha,2024,2,944027735,864178452,9.24,2024-Q2
odisha,2024,3,1023940349,944027735,8.47,2024-Q3
odisha,2024,4,1143097568,1023940349,11.64,2024-Q4
puducherry,2018,1,104212,,,2018-Q1
puducherry,2018,2,130261,104212,25.00,2018-Q2
puducherry,2018,3,190271,130261,46.07,2018-Q3
puducherry,2018,4,307964,190271,61.86,2018-Q4
puducherry,2019,1,501092,307964,62.71,2019-Q1
puducherry,2019,2,580077,501092,15.76,2019-Q2
puducherry,2019,3,716826,580077,23.57,2019-Q3
puducherry,2019,4,1012655,716826,41.27,2019-Q4
puducherry,2020,1,1207921,1012655,19.28,2020-Q1
puducherry,2020,2,1033383,1207921,-14.45,2020-Q2
puducherry,2020,3,1730902,1033383,67.50,2020-Q3
puducherry,2020,4,2716003,1730902,56.91,2020-Q4
puducherry,2021,1,3309432,2716003,21.85,2021-Q1
puducherry,2021,2,3751387,3309432,13.35,2021-Q2
puducherry,2021,3,5121726,3751387,36.53,2021-Q3
puducherry,2021,4,6368810,5121726,24.35,2021-Q4
puducherry,2022,1,7359176,6368810,15.55,2022-Q1
puducherry,2022,2,8643687,7359176,17.45,2022-Q2
puducherry,2022,3,7042727,8643687,-18.52,2022-Q3
puducherry,2022,4,7556127,7042727,7.29,2022-Q4
puducherry,2023,1,10144295,7556127,34.25,2023-Q1
puducherry,2023,2,11130326,10144295,9.72,2023-Q2
puducherry,2023,3,12379641,11130326,11.22,2023-Q3
puducherry,2023,4,12986163,12379641,4.90,2023-Q4
puducherry,2024,1,13446950,12986163,3.55,2024-Q1
puducherry,2024,2,14564895,13446950,8.31,2024-Q2
puducherry,2024,3,16008711,14564895,9.91,2024-Q3
puducherry,2024,4,16559677,16008711,3.44,2024-Q4
punjab,2018,1,1870433,,,2018-Q1
punjab,2018,2,2581163,1870433,38.00,2018-Q2
punjab,2018,3,3462108,2581163,34.13,2018-Q3
punjab,2018,4,4887137,3462108,41.16,2018-Q4
punjab,2019,1,7172137,4887137,46.76,2019-Q1
punjab,2019,2,8509830,7172137,18.65,2019-Q2
punjab,2019,3,10706812,8509830,25.82,2019-Q3
punjab,2019,4,13698625,10706812,27.94,2019-Q4
punjab,2020,1,15217784,13698625,11.09,2020-Q1
punjab,2020,2,14081294,15217784,-7.47,2020-Q2
punjab,2020,3,17209573,14081294,22.22,2020-Q3
punjab,2020,4,22997925,17209573,33.63,2020-Q4
punjab,2021,1,26770835,22997925,16.41,2021-Q1
punjab,2021,2,32171248,26770835,20.17,2021-Q2
punjab,2021,3,42533489,32171248,32.21,2021-Q3
punjab,2021,4,52359360,42533489,23.10,2021-Q4
punjab,2022,1,57758302,52359360,10.31,2022-Q1
punjab,2022,2,72272823,57758302,25.13,2022-Q2
punjab,2022,3,84177897,72272823,16.47,2022-Q3
punjab,2022,4,91835180,84177897,9.10,2022-Q4
punjab,2023,1,96910821,91835180,5.53,2023-Q1
punjab,2023,2,117290289,96910821,21.03,2023-Q2
punjab,2023,3,132161181,117290289,12.68,2023-Q3
punjab,2023,4,142228995,132161181,7.62,2023-Q4
punjab,2024,1,142537179,142228995,0.22,2024-Q1
punjab,2024,2,171946137,142537179,20.63,2024-Q2
punjab,2024,3,187554720,171946137,9.08,2024-Q3
punjab,2024,4,199509220,187554720,6.37,2024-Q4
rajasthan,2018,1,7591690,,,2018-Q1
rajasthan,2018,2,9973697,7591690,31.38,2018-Q2
rajasthan,2018,3,14257098,9973697,42.95,2018-Q3
rajasthan,2018,4,20959723,14257098,47.01,2018-Q4
rajasthan,2019,1,43956040,20959723,109.72,2019-Q1
rajasthan,2019,2,50009286,43956040,13.77,2019-Q2
rajasthan,2019,3,67303617,50009286,34.58,2019-Q3
rajasthan,2019,4,85074242,67303617,26.40,2019-Q4
rajasthan,2020,1,102258812,85074242,20.20,2020-Q1
rajasthan,2020,2,101954656,102258812,-0.30,2020-Q2
rajasthan,2020,3,149088676,101954656,46.23,2020-Q3
rajasthan,2020,4,190283435,149088676,27.63,2020-Q4
rajasthan,2021,1,252730919,190283435,32.82,2021-Q1
rajasthan,2021,2,287477039,252730919,13.75,2021-Q2
rajasthan,2021,3,400284753,287477039,39.24,2021-Q3
rajasthan,2021,4,487621597,400284753,21.82,2021-Q4
rajasthan,2022,1,564962220,487621597,15.86,2022-Q1
rajasthan,2022,2,661170150,564962220,17.03,2022-Q2
rajasthan,2022,3,767541360,661170150,16.09,2022-Q3
rajasthan,2022,4,865574848,767541360,12.77,2022-Q4
rajasthan,2023,1,921096686,865574848,6.41,2023-Q1
rajasthan,2023,2,1073459338,921096686,16.54,2023-Q2
rajasthan,2023,3,1237232167,1073459338,15.26,2023-Q3
rajasthan,2023,4,1349472154,1237232167,9.07,2023-Q4
rajasthan,2024,1,1599474007,1349472154,18.53,2024-Q1
rajasthan,2024,2,1818855106,1599474007,13.72,2024-Q2
rajasthan,2024,3,1935405035,1818855106,6.41,2024-Q3
rajasthan,2024,4,2043469547,1935405035,5.58,2024-Q4
sikkim,2018,1,44078,,,2018-Q1
sikkim,2018,2,74578,44078,69.20,2018-Q2
sikkim,2018,3,108500,74578,45.49,2018-Q3
sikkim,2018,4,154533,108500,42.43,2018-Q4
sikkim,2019,1,240287,154533,55.49,2019-Q1
sikkim,2019,2,388244,240287,61.58,2019-Q2
sikkim,2019,3,552436,388244,42.29,2019-Q3
sikkim,2019,4,767070,552436,38.85,2019-Q4
sikkim,2020,1,528118,767070,-31.15,2020-Q1
sikkim,2020,2,517731,528118,-1.97,2020-Q2
sikkim,2020,3,596435,517731,15.20,2020-Q3
sikkim,2020,4,735035,596435,23.24,2020-Q4
sikkim,2021,1,800189,735035,8.86,2021-Q1
sikkim,2021,2,976714,800189,22.06,2021-Q2
sikkim,2021,3,1160594,976714,18.83,2021-Q3
sikkim,2021,4,1584345,1160594,36.51,2021-Q4
sikkim,2022,1,1744302,1584345,10.10,2022-Q1
sikkim,2022,2,2322081,1744302,33.12,2022-Q2
sikkim,2022,3,2396758,2322081,3.22,2022-Q3
sikkim,2022,4,3058339,2396758,27.60,2022-Q4
sikkim,2023,1,3396128,3058339,11.04,2023-Q1
sikkim,2023,2,4412967,3396128,29.94,2023-Q2
sikkim,2023,3,4804937,4412967,8.88,2023-Q3
sikkim,2023,4,4857324,4804937,1.09,2023-Q4
sikkim,2024,1,5820146,4857324,19.82,2024-Q1
sikkim,2024,2,7188322,5820146,23.51,2024-Q2
sikkim,2024,3,7713781,7188322,7.31,2024-Q3
sikkim,2024,4,8916870,7713781,15.60,2024-Q4
tamil-nadu,2018,1,6726622,,,2018-Q1
tamil-nadu,2018,2,9992128,6726622,48.55,2018-Q2
tamil-nadu,2018,3,15774078,9992128,57.87,2018-Q3
tamil-nadu,2018,4,22457444,15774078,42.37,2018-Q4
tamil-nadu,2019,1,32275045,22457444,43.72,2019-Q1
tamil-nadu,2019,2,32171737,32275045,-0.32,2019-Q2
tamil-nadu,2019,3,41410183,32171737,28.72,2019-Q3
tamil-nadu,2019,4,56596411,41410183,36.67,2019-Q4
tamil-nadu,2020,1,66953473,56596411,18.30,2020-Q1
tamil-nadu,2020,2,51870110,66953473,-22.53,2020-Q2
tamil-nadu,2020,3,70277825,51870110,35.49,2020-Q3
tamil-nadu,2020,4,111179701,70277825,58.20,2020-Q4
tamil-nadu,2021,1,136556674,111179701,22.83,2021-Q1
tamil-nadu,2021,2,146158442,136556674,7.03,2021-Q2
tamil-nadu,2021,3,204357404,146158442,39.82,2021-Q3
tamil-nadu,2021,4,259155976,204357404,26.82,2021-Q4
tamil-nadu,2022,1,294573150,259155976,13.67,2022-Q1
tamil-nadu,2022,2,354506937,294573150,20.35,2022-Q2
tamil-nadu,2022,3,393496175,354506937,11.00,2022-Q3
tamil-nadu,2022,4,436316636,393496175,10.88,2022-Q4
tamil-nadu,2023,1,461212387,436316636,5.71,2023-Q1
tamil-nadu,2023,2,498429638,461212387,8.07,2023-Q2
tamil-nadu,2023,3,556085008,498429638,11.57,2023-Q3
tamil-nadu,2023,4,593481381,556085008,6.72,2023-Q4
tamil-nadu,2024,1,640327197,593481381,7.89,2024-Q1
tamil-nadu,2024,2,705083686,640327197,10.11,2024-Q2
tamil-nadu,2024,3,778536701,705083686,10.42,2024-Q3
tamil-nadu,2024,4,820423888,778536701,5.38,2024-Q4
telangana,2018,1,8522766,,,2018-Q1
telangana,2018,2,10764670,8522766,26.30,2018-Q2
telangana,2018,3,19332703,10764670,79.59,2018-Q3
telangana,2018,4,28921154,19332703,49.60,2018-Q4
telangana,2019,1,65290702,28921154,125.75,2019-Q1
telangana,2019,2,89610379,65290702,37.25,2019-Q2
telangana,2019,3,121495376,89610379,35.58,2019-Q3
telangana,2019,4,163572258,121495376,34.63,2019-Q4
telangana,2020,1,199409525,163572258,21.91,2020-Q1
telangana,2020,2,152055143,199409525,-23.75,2020-Q2
telangana,2020,3,236372126,152055143,55.45,2020-Q3
telangana,2020,4,343643787,236372126,45.38,2020-Q4
telangana,2021,1,412572110,343643787,20.06,2021-Q1
telangana,2021,2,495867544,412572110,20.19,2021-Q2
telangana,2021,3,622886768,495867544,25.62,2021-Q3
telangana,2021,4,775989773,622886768,24.58,2021-Q4
telangana,2022,1,886453385,775989773,14.24,2022-Q1
telangana,2022,2,1063382557,886453385,19.96,2022-Q2
telangana,2022,3,1628165401,1063382557,53.11,2022-Q3
telangana,2022,4,1819506832,1628165401,11.75,2022-Q4
telangana,2023,1,1440331458,1819506832,-20.84,2023-Q1
telangana,2023,2,1665430971,1440331458,15.63,2023-Q2
telangana,2023,3,1875045924,1665430971,12.59,2023-Q3
telangana,2023,4,2020822178,1875045924,7.77,2023-Q4
telangana,2024,1,2179385307,2020822178,7.85,2024-Q1
telangana,2024,2,2417264357,2179385307,10.91,2024-Q2
telangana,2024,3,2610137835,2417264357,7.98,2024-Q3
telangana,2024,4,2822451603,2610137835,8.13,2024-Q4
tripura,2018,1,148157,,,2018-Q1
tripura,2018,2,214559,148157,44.82,2018-Q2
tripura,2018,3,377703,214559,76.04,2018-Q3
tripura,2018,4,448059,377703,18.63,2018-Q4
tripura,2019,1,580926,448059,29.65,2019-Q1
tripura,2019,2,532558,580926,-8.33,2019-Q2
tripura,2019,3,711717,532558,33.64,2019-Q3
tripura,2019,4,801824,711717,12.66,2019-Q4
tripura,2020,1,924502,801824,15.30,2020-Q1
tripura,2020,2,1052520,924502,13.85,2020-Q2
tripura,2020,3,1317885,1052520,25.21,2020-Q3
tripura,2020,4,1651890,1317885,25.34,2020-Q4
tripura,2021,1,1511423,1651890,-8.50,2021-Q1
tripura,2021,2,1744429,1511423,15.42,2021-Q2
tripura,2021,3,2081200,1744429,19.31,2021-Q3
tripura,2021,4,2520693,2081200,21.12,2021-Q4
tripura,2022,1,2871190,2520693,13.90,2022-Q1
tripura,2022,2,3418664,2871190,19.07,2022-Q2
tripura,2022,3,4256579,3418664,24.51,2022-Q3
tripura,2022,4,5198190,4256579,22.12,2022-Q4
tripura,2023,1,7118687,5198190,36.95,2023-Q1
tripura,2023,2,7929543,7118687,11.39,2023-Q2
tripura,2023,3,9108762,7929543,14.87,2023-Q3
tripura,2023,4,10140910,9108762,11.33,2023-Q4
tripura,2024,1,11042639,10140910,8.89,2024-Q1
tripura,2024,2,12787547,11042639,15.80,2024-Q2
tripura,2024,3,14400581,12787547,12.61,2024-Q3
tripura,2024,4,15945159,14400581,10.73,2024-Q4
uttar-pradesh,2018,1,12537805,,,2018-Q1
uttar-pradesh,2018,2,17710943,12537805,41.26,2018-Q2
uttar-pradesh,2018,3,26515356,17710943,49.71,2018-Q3
uttar-pradesh,2018,4,36100767,26515356,36.15,2018-Q4
uttar-pradesh,2019,1,57324504,36100767,58.79,2019-Q1
uttar-pradesh,2019,2,58883500,57324504,2.72,2019-Q2
uttar-pradesh,2019,3,68623959,58883500,16.54,2019-Q3
uttar-pradesh,2019,4,86905005,68623959,26.64,2019-Q4
uttar-pradesh,2020,1,97239132,86905005,11.89,2020-Q1
uttar-pradesh,2020,2,100851965,97239132,3.72,2020-Q2
uttar-pradesh,2020,3,127405259,100851965,26.33,2020-Q3
uttar-pradesh,2020,4,178167517,127405259,39.84,2020-Q4
uttar-pradesh,2021,1,204499547,178167517,14.78,2021-Q1
uttar-pradesh,2021,2,241949131,204499547,18.31,2021-Q2
uttar-pradesh,2021,3,306543384,241949131,26.70,2021-Q3
uttar-pradesh,2021,4,406157932,306543384,32.50,2021-Q4
uttar-pradesh,2022,1,473953246,406157932,16.69,2022-Q1
uttar-pradesh,2022,2,595298776,473953246,25.60,2022-Q2
uttar-pradesh,2022,3,703589072,595298776,18.19,2022-Q3
uttar-pradesh,2022,4,836369071,703589072,18.87,2022-Q4
uttar-pradesh,2023,1,1002557722,836369071,19.87,2023-Q1
uttar-pradesh,2023,2,1211410582,1002557722,20.83,2023-Q2
uttar-pradesh,2023,3,1354622466,1211410582,11.82,2023-Q3
uttar-pradesh,2023,4,1566705382,1354622466,15.66,2023-Q4
uttar-pradesh,2024,1,1785296948,1566705382,13.95,2024-Q1
uttar-pradesh,2024,2,2135538658,1785296948,19.62,2024-Q2
uttar-pradesh,2024,3,2285955833,2135538658,7.04,2024-Q3
uttar-pradesh,2024,4,2544890265,2285955833,11.33,2024-Q4
uttarakhand,2018,1,1246685,,,2018-Q1
uttarakhand,2018,2,1704122,1246685,36.69,2018-Q2
uttarakhand,2018,3,2229132,1704122,30.81,2018-Q3
uttarakhand,2018,4,3178761,2229132,42.60,2018-Q4
uttarakhand,2019,1,5546001,3178761,74.47,2019-Q1
uttarakhand,2019,2,4813275,5546001,-13.21,2019-Q2
uttarakhand,2019,3,5710476,4813275,18.64,2019-Q3
uttarakhand,2019,4,7362116,5710476,28.92,2019-Q4
uttarakhand,2020,1,9131784,7362116,24.04,2020-Q1
uttarakhand,2020,2,9047770,9131784,-0.92,2020-Q2
uttarakhand,2020,3,11818935,9047770,30.63,2020-Q3
uttarakhand,2020,4,17613271,11818935,49.03,2020-Q4
uttarakhand,2021,1,20608402,17613271,17.00,2021-Q1
uttarakhand,2021,2,24000432,20608402,16.46,2021-Q2
uttarakhand,2021,3,31042284,24000432,29.34,2021-Q3
uttarakhand,2021,4,40361280,31042284,30.02,2021-Q4
uttarakhand,2022,1,44560772,40361280,10.40,2022-Q1
uttarakhand,2022,2,58166878,44560772,30.53,2022-Q2
uttarakhand,2022,3,63996519,58166878,10.02,2022-Q3
uttarakhand,2022,4,77983880,63996519,21.86,2022-Q4
uttarakhand,2023,1,79385675,77983880,1.80,2023-Q1
uttarakhand,2023,2,102758214,79385675,29.44,2023-Q2
uttarakhand,2023,3,106284687,102758214,3.43,2023-Q3
uttarakhand,2023,4,118071440,106284687,11.09,2023-Q4
uttarakhand,2024,1,123234577,118071440,4.37,2024-Q1
uttarakhand,2024,2,158564982,123234577,28.67,2024-Q2
uttarakhand,2024,3,159278815,158564982,0.45,2024-Q3
uttarakhand,2024,4,171136132,159278815,7.44,2024-Q4
west-bengal,2018,1,11710225,,,2018-Q1
west-bengal,2018,2,18082446,11710225,54.42,2018-Q2
west-bengal,2018,3,53705416,18082446,197.00,2018-Q3
west-bengal,2018,4,36513548,53705416,-32.01,2018-Q4
west-bengal,2019,1,47626388,36513548,30.43,2019-Q1
west-bengal,2019,2,47023535,47626388,-1.27,2019-Q2
west-bengal,2019,3,66444829,47023535,41.30,2019-Q3
west-bengal,2019,4,96805838,66444829,45.69,2019-Q4
west-bengal,2020,1,66250381,96805838,-31.56,2020-Q1
west-bengal,2020,2,57676797,66250381,-12.94,2020-Q2
west-bengal,2020,3,79954504,57676797,38.63,2020-Q3
west-bengal,2020,4,100340645,79954504,25.50,2020-Q4
west-bengal,2021,1,118254052,100340645,17.85,2021-Q1
west-bengal,2021,2,141897437,118254052,19.99,2021-Q2
west-bengal,2021,3,181712988,141897437,28.06,2021-Q3
west-bengal,2021,4,225029560,181712988,23.84,2021-Q4
west-bengal,2022,1,260505092,225029560,15.76,2022-Q1
west-bengal,2022,2,315742141,260505092,21.20,2022-Q2
west-bengal,2022,3,356792388,315742141,13.00,2022-Q3
west-bengal,2022,4,405847597,356792388,13.75,2022-Q4
west-bengal,2023,1,459278344,405847597,13.17,2023-Q1
west-bengal,2023,2,545317686,459278344,18.73,2023-Q2
west-bengal,2023,3,632093191,545317686,15.91,2023-Q3
west-bengal,2023,4,737953238,632093191,16.75,2023-Q4
west-bengal,2024,1,836408587,737953238,13.34,2024-Q1
west-bengal,2024,2,980480707,836408587,17.23,2024-Q2
west-bengal,2024,3,1084916445,980480707,10.65,2024-Q3
west-bengal,2024,4,1227135682,1084916445,13.11,2024-Q4
